ts_code,trade_date,open,high,low,close,pre_close,change,pct_chg,vol,amount
688560.SH,2021/09/01,40.0,41.67,36.74,38.62,39.47,-0.85,-2.1535,98900.81,389872.521
688560.SH,2021/09/02,38.8,41.0,37.51,38.61,38.62,-0.01,-0.0259,61852.82,242565.984
688560.SH,2021/09/03,37.75,38.39,31.88,32.57,38.61,-6.04,-15.6436,91504.43,317520.581
688560.SH,2021/09/06,33.5,37.22,33.5,34.36,32.57,1.79,5.4959,71794.04,250975.198
688560.SH,2021/09/07,34.57,37.88,33.44,36.6,34.36,2.24,6.5192,68517.19,247287.751
688560.SH,2021/09/08,37.14,37.62,34.01,34.4,36.6,-2.2,-6.0109,55033.33,194584.551
688560.SH,2021/09/09,35.07,35.56,33.52,33.8,34.4,-0.6,-1.7442,34769.11,119674.796
688560.SH,2021/09/10,34.7,34.95,32.52,34.31,33.8,0.51,1.5089,30445.34,102404.274
688560.SH,2021/09/13,34.1,34.68,31.8,32.74,34.31,-1.57,-4.5759,40120.64,130774.015
688560.SH,2021/09/14,33.09,35.68,32.27,33.91,32.74,1.17,3.5736,52151.19,178173.052
688560.SH,2021/09/15,33.63,35.8,33.61,34.2,33.91,0.29,0.8552,42819.11,148066.585
688560.SH,2021/09/16,34.2,35.3,32.09,32.12,34.2,-2.08,-6.0819,43959.62,147384.688
688560.SH,2021/09/17,31.85,32.74,30.05,31.32,32.12,-0.8,-2.4907,44288.11,137946.161
688560.SH,2021/09/22,30.29,31.59,30.28,30.92,31.32,-0.4,-1.2771,22306.4,69103.28
688560.SH,2021/09/23,31.35,32.49,30.71,30.81,30.92,-0.11,-0.3558,25728.4,81037.709
688560.SH,2021/09/24,30.4,31.37,29.75,29.96,30.81,-0.85,-2.7588,26093.29,78533.981
688560.SH,2021/09/27,29.9,30.05,28.16,28.96,29.96,-1.0,-3.3378,22055.86,63740.628
688560.SH,2021/09/28,28.41,28.89,27.87,28.33,28.96,-0.63,-2.1754,15774.4,44648.401
688560.SH,2021/09/29,28.17,29.58,27.23,27.32,28.33,-1.01,-3.5651,22309.71,63266.025
688560.SH,2021/09/30,27.61,28.49,27.2,28.0,27.32,0.68,2.489,18453.4,51682.955
688560.SH,2021/10/08,28.68,29.91,28.4,28.63,28.0,0.63,2.25,20331.04,59094.507
688560.SH,2021/10/11,28.28,29.0,27.65,27.92,28.63,-0.71,-2.4799,10299.87,28899.963
688560.SH,2021/10/12,27.99,28.49,26.39,26.56,27.92,-1.36,-4.8711,17530.98,47330.194
688560.SH,2021/10/13,26.26,28.15,26.26,28.08,26.56,1.52,5.7229,17148.58,46955.613
688560.SH,2021/10/14,28.0,29.4,27.7,28.78,28.08,0.7,2.4929,20058.31,57822.704
688560.SH,2021/10/15,29.3,29.3,28.38,28.6,28.78,-0.18,-0.6254,11193.15,32128.404
688560.SH,2021/10/18,28.56,29.33,28.2,28.99,28.6,0.39,1.3636,16971.54,48661.06
688560.SH,2021/10/19,29.28,30.4,28.5,28.79,28.99,-0.2,-0.6899,26541.4,77915.871
688560.SH,2021/10/20,28.49,29.85,28.0,29.19,28.79,0.4,1.3894,21326.54,62027.061
688560.SH,2021/10/21,28.78,29.51,27.9,28.17,29.19,-1.02,-3.4943,21583.18,61798.847
688560.SH,2021/10/22,28.33,28.68,27.27,27.97,28.17,-0.2,-0.71,21082.27,58761.243
688560.SH,2021/10/25,28.07,29.65,27.72,29.38,27.97,1.41,5.0411,28357.69,82720.163
688560.SH,2021/10/26,29.38,30.26,28.48,29.18,29.38,-0.2,-0.6807,18938.88,55297.453
688560.SH,2021/10/27,29.17,30.05,28.01,29.92,29.18,0.74,2.536,26632.64,77741.954
688560.SH,2021/10/28,29.5,29.6,25.8,26.23,29.92,-3.69,-12.3329,48345.39,130988.205
688560.SH,2021/10/29,26.6,27.66,26.41,27.5,26.23,1.27,4.8418,23131.13,62670.849
688560.SH,2021/11/01,27.23,30.15,26.81,29.34,27.5,1.84,6.6909,35516.27,103667.604
688560.SH,2021/11/02,29.58,29.97,27.9,28.38,29.34,-0.96,-3.272,24273.9,70066.586
688560.SH,2021/11/03,28.46,28.6,26.68,27.65,28.38,-0.73,-2.5722,21184.7,57896.067
688560.SH,2021/11/04,27.8,29.5,27.65,29.18,27.65,1.53,5.5335,28632.05,83034.687
688560.SH,2021/11/05,29.18,29.49,28.0,28.43,29.18,-0.75,-2.5703,20894.0,59740.348
688560.SH,2021/11/08,29.3,30.1,28.83,29.64,28.43,1.21,4.2561,31907.4,94230.607
688560.SH,2021/11/09,29.5,34.68,29.5,34.2,29.64,4.56,15.3846,74412.64,246179.416
688560.SH,2021/11/10,34.5,34.75,33.2,34.4,34.2,0.2,0.5848,46879.62,159606.454
688560.SH,2021/11/11,34.44,35.5,33.7,34.43,34.4,0.03,0.0872,26910.65,92907.983
688560.SH,2021/11/12,34.3,35.67,34.05,35.15,34.43,0.72,2.0912,32452.36,113477.751
688560.SH,2021/11/15,35.15,35.3,33.24,33.3,35.15,-1.85,-5.2632,34098.53,115774.787
688560.SH,2021/11/16,33.24,34.33,32.5,33.38,33.3,0.08,0.2402,27235.78,90997.237
688560.SH,2021/11/17,33.6,34.45,32.48,34.0,33.38,0.62,1.8574,27747.6,93105.724
688560.SH,2021/11/18,33.71,37.32,33.52,35.67,34.0,1.67,4.9118,54603.17,195214.874
688560.SH,2021/11/19,35.86,38.2,35.01,36.68,35.67,1.01,2.8315,33814.14,124616.718
688560.SH,2021/11/22,37.69,37.78,36.01,36.57,36.68,-0.11,-0.2999,34510.96,126894.085
688560.SH,2021/11/23,36.37,38.34,36.3,36.46,36.57,-0.11,-0.3008,30438.59,113477.602
688560.SH,2021/11/24,36.26,37.77,35.83,36.85,36.46,0.39,1.0697,30653.75,112521.418
688560.SH,2021/11/25,36.58,37.3,35.22,35.63,36.85,-1.22,-3.3107,40051.47,144981.303
688560.SH,2021/11/26,35.73,38.77,35.59,38.3,35.63,2.67,7.4937,55184.98,209278.249
688560.SH,2021/11/29,37.5,40.68,37.25,39.85,38.3,1.55,4.047,50060.5,198584.422
688560.SH,2021/11/30,39.99,39.99,37.39,38.3,39.85,-1.55,-3.8896,37808.23,144667.812
688560.SH,2021/12/01,38.41,38.97,37.34,37.34,38.3,-0.96,-2.5065,18217.25,68661.418
688560.SH,2021/12/02,37.06,38.97,36.17,37.9,37.34,0.56,1.4997,30325.78,113740.546
688560.SH,2021/12/03,38.12,40.3,36.24,39.66,37.9,1.76,4.6438,37280.65,144469.612
688560.SH,2021/12/06,40.37,42.88,38.81,42.5,39.66,2.84,7.1609,43719.5,178668.728
688560.SH,2021/12/07,42.5,43.49,39.66,41.34,42.5,-1.16,-2.7294,39427.48,163058.255
688560.SH,2021/12/08,41.75,43.98,40.4,42.94,41.34,1.6,3.8703,26937.82,114135.7
688560.SH,2021/12/09,42.94,42.94,41.02,42.01,42.94,-0.93,-2.1658,20303.73,84906.674
688560.SH,2021/12/10,42.45,44.5,41.4,41.8,42.01,-0.21,-0.4999,27510.02,117842.758
688560.SH,2021/12/13,41.22,41.34,39.8,40.6,41.8,-1.2,-2.8708,18494.01,74942.032
688560.SH,2021/12/14,40.4,41.21,38.0,38.3,40.6,-2.3,-5.665,27623.74,107313.659
688560.SH,2021/12/15,38.18,39.31,37.6,37.97,38.3,-0.33,-0.8616,14808.12,56769.956
688560.SH,2021/12/16,37.95,38.49,36.75,36.99,37.97,-0.98,-2.581,16769.62,62507.718
688560.SH,2021/12/17,37.24,37.25,35.61,35.99,36.99,-1.0,-2.7034,17363.94,62823.196
688560.SH,2021/12/20,35.96,36.99,35.47,35.97,35.99,-0.02,-0.0556,13910.27,50329.227
688560.SH,2021/12/21,36.06,36.23,34.8,35.26,35.97,-0.71,-1.9739,12774.47,45146.516
688560.SH,2021/12/22,35.18,36.8,35.01,36.75,35.26,1.49,4.2258,16149.26,58074.564
688560.SH,2021/12/23,36.5,37.38,36.01,36.61,36.75,-0.14,-0.381,14819.81,54478.303
688560.SH,2021/12/24,36.65,36.71,34.01,34.25,36.61,-2.36,-6.4463,27937.1,98339.307
688560.SH,2021/12/27,32.77,35.7,32.77,33.57,34.25,-0.68,-1.9854,29441.36,100947.418
688560.SH,2021/12/28,33.63,35.4,33.3,33.86,33.57,0.29,0.8639,26648.67,91412.811
688560.SH,2021/12/29,34.37,35.19,32.81,32.93,33.86,-0.93,-2.7466,26061.02,87809.92
688560.SH,2021/12/30,32.56,33.3,31.4,32.64,32.93,-0.29,-0.8807,27391.34,88820.369
688560.SH,2021/12/31,32.39,37.2,32.39,34.59,32.64,1.95,5.9743,42761.41,150020.35
688560.SH,2022/01/04,35.1,35.75,34.15,34.73,34.59,0.14,0.4047,16074.86,55665.685
688560.SH,2022/01/05,34.65,34.65,33.43,34.11,34.73,-0.62,-1.7852,22992.44,78505.248
688560.SH,2022/01/06,33.84,34.46,32.9,33.57,34.11,-0.54,-1.5831,28010.83,94044.666
688560.SH,2022/01/07,33.38,34.12,33.11,33.59,33.57,0.02,0.0596,25914.24,86854.449
688560.SH,2022/01/10,32.67,33.74,32.67,33.58,33.59,-0.01,-0.0298,13197.38,43951.786
688560.SH,2022/01/11,33.67,33.68,32.4,32.72,33.58,-0.86,-2.561,15952.53,52763.391
688560.SH,2022/01/12,32.02,33.23,32.02,32.52,32.72,-0.2,-0.6112,20470.4,66374.678
688560.SH,2022/01/13,32.59,32.99,31.32,32.23,32.52,-0.29,-0.8918,11027.39,35489.938
688560.SH,2022/01/14,31.99,32.5,31.23,31.92,32.23,-0.31,-0.9618,10741.61,34476.344
688560.SH,2022/01/17,32.29,33.28,31.73,32.9,31.92,0.98,3.0702,18039.69,58834.76
688560.SH,2022/01/18,33.02,35.04,32.6,34.08,32.9,1.18,3.5866,25247.26,85405.559
688560.SH,2022/01/19,33.61,34.5,32.0,32.85,34.08,-1.23,-3.6092,11697.12,38632.034
688560.SH,2022/01/20,32.04,33.32,31.75,31.96,32.85,-0.89,-2.7093,7598.22,24468.605
688560.SH,2022/01/21,31.96,31.96,30.47,30.75,31.96,-1.21,-3.786,9882.58,30579.67
688560.SH,2022/01/24,30.85,31.84,30.0,31.62,30.75,0.87,2.8293,11369.77,35504.207
688560.SH,2022/01/25,30.6,32.0,30.28,30.48,31.62,-1.14,-3.6053,7813.97,24269.0
688560.SH,2022/01/26,30.0,31.1,29.1,29.97,30.48,-0.51,-1.6732,10054.51,30080.423
688560.SH,2022/01/27,29.89,32.11,29.82,30.07,29.97,0.1,0.3337,17825.95,55639.579
688560.SH,2022/01/28,30.88,33.97,30.57,31.98,30.07,1.91,6.3518,43306.35,140733.692
688560.SH,2022/02/07,32.67,34.93,32.42,33.41,31.98,1.43,4.4715,26337.97,89613.068
688560.SH,2022/02/08,34.07,34.52,32.3,34.1,33.41,0.69,2.0652,20391.35,68832.574
688560.SH,2022/02/09,34.36,35.92,34.0,35.29,34.1,1.19,3.4897,19447.79,68006.288
688560.SH,2022/02/10,35.34,36.93,34.67,35.33,35.29,0.04,0.1133,37984.12,135325.803
688560.SH,2022/02/11,34.82,35.73,34.23,35.26,35.33,-0.07,-0.1981,20852.47,73443.212
688560.SH,2022/02/14,34.63,35.65,33.53,35.31,35.26,0.05,0.1418,16373.95,57416.169
688560.SH,2022/02/15,35.43,36.87,34.77,36.08,35.31,0.77,2.1807,20348.66,73572.734
688560.SH,2022/02/16,35.93,36.38,35.18,35.8,36.08,-0.28,-0.7761,11395.9,40797.952
688560.SH,2022/02/17,35.8,37.38,35.2,36.02,35.8,0.22,0.6145,25403.94,91525.663
688560.SH,2022/02/18,35.61,36.36,34.75,34.97,36.02,-1.05,-2.915,16721.95,58883.41
688560.SH,2022/02/21,35.07,35.39,33.7,34.2,34.97,-0.77,-2.2019,13254.68,45507.414
688560.SH,2022/02/22,34.4,34.4,32.88,33.9,34.2,-0.3,-0.8772,13423.97,45243.547
688560.SH,2022/02/23,33.9,35.81,33.66,35.41,33.9,1.51,4.4543,19391.24,67824.875
688560.SH,2022/02/24,35.16,36.18,34.18,34.7,35.41,-0.71,-2.0051,18570.57,65692.751
688560.SH,2022/02/25,36.01,36.18,34.7,34.76,34.7,0.06,0.1729,15833.69,56092.232
688560.SH,2022/02/28,34.0,36.79,33.21,34.79,34.76,0.03,0.0863,27672.83,97850.663
688560.SH,2022/03/01,34.89,35.77,34.73,34.97,34.79,0.18,0.5174,15239.21,53599.702
688560.SH,2022/03/02,34.7,35.97,33.8,35.53,34.97,0.56,1.6014,25111.89,88040.277
688560.SH,2022/03/03,35.56,36.71,35.31,35.48,35.53,-0.05,-0.1407,28697.0,102877.594
688560.SH,2022/03/04,35.3,35.64,34.2,34.93,35.48,-0.55,-1.5502,16127.39,56357.94
688560.SH,2022/03/07,34.31,34.67,31.71,32.41,34.93,-2.52,-7.2144,23963.35,78513.917
688560.SH,2022/03/08,32.24,33.13,31.62,32.25,32.41,-0.16,-0.4937,14597.62,47016.281
688560.SH,2022/03/09,32.14,36.56,31.71,36.15,32.25,3.9,12.093,41607.34,141027.522
688560.SH,2022/03/10,37.44,37.85,35.84,36.36,36.15,0.21,0.5809,43825.97,161860.798
688560.SH,2022/03/11,35.9,37.19,35.4,36.28,36.36,-0.08,-0.22,32593.86,118813.819
688560.SH,2022/03/14,36.53,36.53,34.64,34.68,36.28,-1.6,-4.4101,28239.03,99770.453
688560.SH,2022/03/15,34.83,36.35,34.23,34.81,34.68,0.13,0.3749,26095.05,92380.182
688560.SH,2022/03/16,35.87,35.87,33.5,35.24,34.81,0.43,1.2353,39733.58,138893.664
688560.SH,2022/03/17,35.3,36.83,34.08,35.18,35.24,-0.06,-0.1703,37456.61,133922.433
688560.SH,2022/03/18,35.0,35.99,34.25,35.55,35.18,0.37,1.0517,15738.5,55636.296
688560.SH,2022/03/21,35.98,37.56,35.49,36.2,35.55,0.65,1.8284,32228.96,117509.923
688560.SH,2022/03/22,36.31,36.77,34.88,34.89,36.2,-1.31,-3.6188,19381.53,69106.794
688560.SH,2022/03/23,34.92,35.99,34.61,35.23,34.89,0.34,0.9745,11411.74,40209.223
688560.SH,2022/03/24,35.0,35.14,32.8,33.44,35.23,-1.79,-5.0809,22630.43,75900.605
688560.SH,2022/03/25,33.88,34.17,32.8,32.92,33.44,-0.52,-1.555,11036.58,36766.518
688560.SH,2022/03/28,32.72,33.09,31.13,31.34,32.92,-1.58,-4.7995,13629.66,43235.789
688560.SH,2022/03/29,31.0,31.89,31.0,31.55,31.34,0.21,0.6701,9428.97,29631.991
688560.SH,2022/03/30,32.25,33.69,31.99,33.3,31.55,1.75,5.5468,18078.43,59910.774
688560.SH,2022/03/31,33.29,33.45,31.91,32.19,33.3,-1.11,-3.3333,10639.49,34557.575
688560.SH,2022/04/01,31.63,32.15,31.36,31.9,32.19,-0.29,-0.9009,8453.35,26888.326
688560.SH,2022/04/06,31.67,31.88,30.34,30.61,31.9,-1.29,-4.0439,12021.75,37372.755
688560.SH,2022/04/07,30.6,30.69,29.57,29.78,30.61,-0.83,-2.7115,13463.13,40652.844
688560.SH,2022/04/08,30.29,30.29,28.36,28.67,29.78,-1.11,-3.7273,16873.29,48606.699
688560.SH,2022/04/11,28.57,28.57,26.2,26.57,28.67,-2.1,-7.3247,15137.8,41117.127
688560.SH,2022/04/12,26.58,26.97,25.52,26.68,26.57,0.11,0.414,12843.13,33692.322
688560.SH,2022/04/13,26.5,26.77,25.7,25.7,26.68,-0.98,-3.6732,8672.9,22686.033
688560.SH,2022/04/14,25.7,26.47,24.88,25.1,25.7,-0.6,-2.3346,12761.24,32185.911
688560.SH,2022/04/15,24.56,24.98,24.09,24.77,25.1,-0.33,-1.3147,9034.17,22145.211
688560.SH,2022/04/18,24.57,26.16,24.3,25.9,24.77,1.13,4.562,11071.99,28267.859
688560.SH,2022/04/19,25.88,27.3,25.88,26.5,25.9,0.6,2.3166,10948.84,29251.133
688560.SH,2022/04/20,26.24,26.65,25.46,25.65,26.5,-0.85,-3.2075,6097.62,15761.925
688560.SH,2022/04/21,24.6,26.3,24.41,24.71,25.65,-0.94,-3.6647,7073.58,17891.238
688560.SH,2022/04/22,24.98,25.0,23.78,24.64,24.71,-0.07,-0.2833,6534.14,15943.512
688560.SH,2022/04/25,24.0,24.1,21.58,21.97,24.64,-2.67,-10.836,15660.2,35643.072
688560.SH,2022/04/26,21.08,23.8,20.91,21.54,21.97,-0.43,-1.9572,14792.97,32135.275
688560.SH,2022/04/27,21.54,25.75,21.01,24.07,21.54,2.53,11.7456,23740.54,55019.474
688560.SH,2022/04/28,24.06,24.24,23.01,23.5,24.07,-0.57,-2.3681,11373.18,26696.649
688560.SH,2022/04/29,23.71,25.5,23.2,24.58,23.5,1.08,4.5957,12431.49,29954.935
688560.SH,2022/05/05,24.5,25.98,24.01,25.32,24.58,0.74,3.0106,18556.93,46485.232
688560.SH,2022/05/06,24.8,25.8,24.1,25.4,25.32,0.08,0.316,11684.93,29207.193
688560.SH,2022/05/09,24.9,26.68,24.9,26.49,25.4,1.09,4.2913,8799.9,22918.468
688560.SH,2022/05/10,25.59,27.77,25.59,27.48,26.49,0.99,3.7373,12610.11,33894.29
688560.SH,2022/05/11,27.0,29.29,26.93,27.81,27.48,0.33,1.2009,26078.08,73205.087
688560.SH,2022/05/12,27.66,27.81,26.62,26.86,27.81,-0.95,-3.416,14359.2,38924.177
688560.SH,2022/05/13,27.1,27.37,26.14,27.06,26.86,0.2,0.7446,10820.0,29217.042
688560.SH,2022/05/16,27.09,28.4,26.97,27.19,27.06,0.13,0.4804,7706.56,21171.847
688560.SH,2022/05/17,27.75,27.98,26.75,27.72,27.19,0.53,1.9492,7473.48,20603.553
688560.SH,2022/05/18,27.4,28.95,27.3,28.02,27.72,0.3,1.0823,11202.51,31541.237
688560.SH,2022/05/19,27.53,30.4,27.5,29.6,28.02,1.58,5.6388,30467.83,88348.133
688560.SH,2022/05/20,29.46,30.8,28.95,30.68,29.6,1.08,3.6486,33022.86,98084.901
688560.SH,2022/05/23,30.68,31.8,29.8,30.8,30.68,0.12,0.3911,25045.43,76297.08
688560.SH,2022/05/24,30.79,30.8,28.95,29.78,30.8,-1.02,-3.3117,21688.22,64579.492
688560.SH,2022/05/25,29.22,29.8,28.7,29.08,29.78,-0.7,-2.3506,26098.3,76012.295
688560.SH,2022/05/26,29.08,29.1,28.01,28.38,29.08,-0.7,-2.4072,15703.81,44987.563
688560.SH,2022/05/27,28.74,29.08,27.62,27.68,28.38,-0.7,-2.4665,13389.26,37934.913
688560.SH,2022/05/30,27.26,28.43,27.26,28.37,27.68,0.69,2.4928,15598.65,43364.59
688560.SH,2022/05/31,28.7,29.76,28.0,29.29,28.37,0.92,3.2429,17241.87,50079.668
688560.SH,2022/06/01,29.15,29.58,28.59,29.25,29.29,-0.04,-0.1366,18222.34,52961.802
688560.SH,2022/06/02,29.23,30.68,28.93,30.41,29.25,1.16,3.9658,28741.84,86696.204
688560.SH,2022/06/06,30.48,33.0,30.47,31.86,30.41,1.45,4.7682,46557.17,147336.307
688560.SH,2022/06/07,31.78,33.37,31.5,32.18,31.86,0.32,1.0044,45202.64,146778.288
688560.SH,2022/06/08,32.12,32.9,30.5,31.45,32.18,-0.73,-2.2685,38030.52,119837.89
688560.SH,2022/06/09,31.21,31.89,30.98,31.28,31.45,-0.17,-0.5405,18225.99,57177.466
688560.SH,2022/06/10,31.29,32.8,30.88,32.28,31.28,1.0,3.1969,25018.3,80292.937
688560.SH,2022/06/13,31.8,33.33,31.65,32.72,32.28,0.44,1.3631,27674.71,89955.914
688560.SH,2022/06/14,32.0,32.88,31.81,32.61,32.72,-0.11,-0.3362,24989.83,80802.568
688560.SH,2022/06/15,32.95,33.27,31.4,31.4,32.61,-1.21,-3.7105,22787.1,73320.942
688560.SH,2022/06/16,31.53,32.29,31.11,31.39,31.4,-0.01,-0.0318,24472.01,77391.351
688560.SH,2022/06/17,31.39,32.58,31.27,31.94,31.39,0.55,1.7522,29851.9,96077.766
688560.SH,2022/06/20,32.2,34.0,32.2,32.5,31.94,0.56,1.7533,43968.11,145228.4
688560.SH,2022/06/21,32.85,32.86,29.9,30.75,32.5,-1.75,-5.3846,44732.58,137617.914
688560.SH,2022/06/22,30.7,31.59,30.0,30.3,30.75,-0.45,-1.4634,37377.73,116017.15
688560.SH,2022/06/23,31.41,31.41,29.42,31.04,30.3,0.74,2.4422,36371.9,110497.16
688560.SH,2022/06/24,31.15,36.99,31.15,35.58,31.04,4.54,14.6263,83761.33,294822.828
688560.SH,2022/06/27,36.48,38.42,35.51,37.31,35.58,1.73,4.8623,99960.71,367302.592
688560.SH,2022/06/28,37.01,37.29,36.08,36.63,37.31,-0.68,-1.8226,48859.61,178332.173
688560.SH,2022/06/29,36.6,36.6,33.8,33.8,36.63,-2.83,-7.7259,47050.37,163163.889
688560.SH,2022/06/30,34.7,35.22,33.81,34.24,33.8,0.44,1.3018,29959.16,103365.412
688560.SH,2022/07/01,34.0,34.98,33.88,34.0,34.24,-0.24,-0.7009,27284.8,93516.474
688560.SH,2022/07/04,33.9,33.99,32.3,33.41,34.0,-0.59,-1.7353,41202.35,137613.141
688560.SH,2022/07/05,33.91,34.5,32.25,32.94,33.41,-0.47,-1.4068,41319.05,136975.174
688560.SH,2022/07/06,32.67,33.49,32.1,33.2,32.94,0.26,0.7893,27941.91,91358.761
688560.SH,2022/07/07,33.0,34.0,32.26,33.33,33.2,0.13,0.3916,41420.61,137613.868
688560.SH,2022/07/08,33.4,33.88,32.2,32.32,33.33,-1.01,-3.0303,30703.1,100454.066
688560.SH,2022/07/11,32.33,32.9,31.4,31.88,32.32,-0.44,-1.3614,23357.38,74756.001
688560.SH,2022/07/12,31.88,32.29,31.0,31.23,31.88,-0.65,-2.0389,21264.64,67209.188
688560.SH,2022/07/13,31.01,32.18,30.64,32.15,31.23,0.92,2.9459,27676.32,87303.824
688560.SH,2022/07/14,31.6,33.22,31.41,32.98,31.9,1.08,3.3856,34627.0,112473.511
688560.SH,2022/07/15,32.64,33.26,32.22,32.89,32.98,-0.09,-0.2729,41458.25,135749.478
688560.SH,2022/07/18,32.98,33.44,32.28,32.32,32.89,-0.57,-1.733,34136.36,112053.786
688560.SH,2022/07/19,32.2,33.25,32.15,32.32,32.32,0.0,0.0,27092.34,88501.474
688560.SH,2022/07/20,32.98,33.02,31.59,31.73,32.32,-0.59,-1.8255,26974.98,86586.95
688560.SH,2022/07/21,31.89,32.52,31.43,31.6,31.73,-0.13,-0.4097,26059.89,83090.915
688560.SH,2022/07/22,31.48,32.1,30.8,31.3,31.6,-0.3,-0.9494,26866.43,84226.632
688560.SH,2022/07/25,33.0,34.4,33.0,34.11,31.3,2.81,8.9776,126044.26,427246.607
688560.SH,2022/07/26,34.03,36.64,33.53,35.72,34.11,1.61,4.72,88994.63,312533.613
688560.SH,2022/07/27,35.82,37.6,35.7,37.21,35.72,1.49,4.1713,84435.05,312537.69
688560.SH,2022/07/28,37.39,37.67,36.26,37.0,37.21,-0.21,-0.5644,48054.2,177052.3
688560.SH,2022/07/29,37.0,37.4,36.45,37.05,37.0,0.05,0.1351,35907.3,132669.197
688560.SH,2022/08/01,36.7,37.89,35.94,37.71,37.05,0.66,1.7814,38682.07,142961.955
688560.SH,2022/08/02,36.99,37.56,36.51,36.76,37.71,-0.95,-2.5192,44241.92,163879.007
688560.SH,2022/08/03,36.87,37.55,35.06,35.09,36.76,-1.67,-4.543,45299.57,163671.366
688560.SH,2022/08/04,35.21,35.88,34.77,35.28,35.09,0.19,0.5415,31956.09,112299.181
688560.SH,2022/08/05,35.38,36.42,34.95,36.0,35.28,0.72,2.0408,28830.44,103402.001
688560.SH,2022/08/08,35.63,40.0,35.3,38.86,36.0,2.86,7.9444,55178.07,209969.645
688560.SH,2022/08/09,38.59,39.97,38.45,38.65,38.86,-0.21,-0.5404,45566.63,178012.111
688560.SH,2022/08/10,38.4,41.0,38.4,40.67,38.65,2.02,5.2264,73422.79,290650.474
688560.SH,2022/08/11,40.22,40.79,39.07,39.8,40.67,-0.87,-2.1392,40948.23,163117.667
688560.SH,2022/08/12,39.62,42.99,39.62,41.99,39.8,2.19,5.5025,96901.55,404221.893
688560.SH,2022/08/15,41.77,46.55,40.85,45.95,41.99,3.96,9.4308,101605.47,450595.515
688560.SH,2022/08/16,46.46,51.5,46.46,51.0,45.95,5.05,10.9902,123862.54,610347.658
688560.SH,2022/08/17,53.08,61.2,53.08,54.0,51.0,3.0,5.8824,246434.81,1390189.237
688560.SH,2022/08/18,54.2,61.8,54.2,60.29,54.0,6.29,11.6481,152859.69,902589.326
688560.SH,2022/08/19,58.11,59.19,55.1,57.0,60.29,-3.29,-5.457,120325.47,687312.303
688560.SH,2022/08/22,58.44,61.36,56.66,58.78,57.0,1.78,3.1228,99684.55,589374.783
688560.SH,2022/08/23,59.0,64.56,58.88,64.0,58.78,5.22,8.8806,97661.73,606977.344
688560.SH,2022/08/24,64.0,65.0,57.0,57.28,64.0,-6.72,-10.5,91946.11,547815.783
688560.SH,2022/08/25,57.91,58.98,54.18,56.26,57.28,-1.02,-1.7807,90132.07,508529.717
688560.SH,2022/08/26,57.12,60.79,56.6,59.21,56.26,2.95,5.2435,96979.06,569505.425
688560.SH,2022/08/29,56.18,70.8,56.18,67.58,59.21,8.37,14.1361,112857.35,737030.169
688560.SH,2022/08/30,66.88,68.85,62.53,63.1,67.58,-4.48,-6.6292,73086.47,471924.203
688560.SH,2022/08/31,63.62,63.62,57.63,58.18,63.1,-4.92,-7.7971,86835.71,517541.72
688560.SH,2022/09/01,58.98,60.0,56.51,56.79,58.18,-1.39,-2.3891,80642.87,470380.897
688560.SH,2022/09/02,57.8,58.58,54.15,57.33,56.79,0.54,0.9509,66113.1,374581.089
688560.SH,2022/09/05,57.11,60.66,56.75,59.35,57.33,2.02,3.5235,51624.75,303619.033
688560.SH,2022/09/06,59.22,65.66,58.02,63.7,59.35,4.35,7.3294,80245.8,494943.778
688560.SH,2022/09/07,63.0,66.2,62.68,64.25,63.7,0.55,0.8634,57188.7,366867.943
688560.SH,2022/09/08,64.25,67.8,63.73,64.48,64.25,0.23,0.358,48027.92,314718.425
688560.SH,2022/09/09,64.6,65.97,61.31,62.3,64.48,-2.18,-3.3809,42545.38,266322.162
688560.SH,2022/09/13,61.72,62.94,57.57,59.36,62.3,-2.94,-4.7191,60574.74,357831.013
688560.SH,2022/09/14,57.72,59.5,56.98,58.42,59.36,-0.94,-1.5836,45828.89,265830.416
688560.SH,2022/09/15,58.02,58.67,49.73,50.3,58.42,-8.12,-13.8993,120950.63,636202.39
688560.SH,2022/09/16,50.5,52.52,49.1,49.1,50.3,-1.2,-2.3857,64263.66,326269.933
688560.SH,2022/09/19,49.98,52.58,48.57,49.34,49.1,0.24,0.4888,54162.94,272225.772
688560.SH,2022/09/20,50.2,52.6,49.52,50.7,49.34,1.36,2.7564,60683.33,309606.866
688560.SH,2022/09/21,50.34,52.28,48.6,50.25,50.7,-0.45,-0.8876,59633.42,302172.007
688560.SH,2022/09/22,50.19,54.27,49.01,51.86,50.25,1.61,3.204,53937.51,280768.431
688560.SH,2022/09/23,51.52,53.49,49.75,50.72,51.86,-1.14,-2.1982,49046.79,252861.244
688560.SH,2022/09/26,50.72,53.89,50.4,51.85,50.72,1.13,2.2279,51130.97,267884.348
688560.SH,2022/09/27,51.67,53.5,50.7,52.25,51.85,0.4,0.7715,43425.06,226637.079
688560.SH,2022/09/28,52.8,53.68,48.59,48.59,52.25,-3.66,-7.0048,56217.52,284528.886
688560.SH,2022/09/29,49.32,50.48,48.0,49.1,48.59,0.51,1.0496,47071.24,231707.784
688560.SH,2022/09/30,48.94,49.1,46.0,46.29,49.1,-2.81,-5.723,49000.88,232137.308
688560.SH,2022/10/10,46.6,47.78,44.89,45.55,46.29,-0.74,-1.5986,31577.91,145147.677
688560.SH,2022/10/11,45.94,46.8,44.4,45.3,45.55,-0.25,-0.5488,37671.05,172365.923
688560.SH,2022/10/12,44.86,50.17,43.5,48.97,45.3,3.67,8.1015,60899.72,282815.709
688560.SH,2022/10/13,48.0,48.89,46.2,46.36,48.97,-2.61,-5.3298,76228.13,361622.91
688560.SH,2022/10/14,47.5,48.78,43.86,48.28,46.36,1.92,4.1415,109063.8,507812.733
688560.SH,2022/10/17,47.99,48.5,42.62,44.99,48.28,-3.29,-6.8144,99814.96,449357.501
688560.SH,2022/10/18,45.67,46.49,44.32,45.22,44.99,0.23,0.5112,75068.66,342345.419
688560.SH,2022/10/19,45.22,48.2,45.22,47.0,45.22,1.78,3.9363,61483.58,288262.078
688560.SH,2022/10/20,46.22,46.45,43.01,44.4,47.0,-2.6,-5.5319,81098.38,357371.923
688560.SH,2022/10/21,44.17,44.52,42.84,42.97,44.4,-1.43,-3.2207,54958.08,239274.632
688560.SH,2022/10/24,42.77,43.79,41.18,41.79,42.97,-1.18,-2.7461,55941.99,237111.417
688560.SH,2022/10/25,41.87,45.12,41.18,44.79,41.79,3.0,7.1788,70489.03,306562.992
688560.SH,2022/10/26,44.12,48.78,43.98,48.3,44.79,3.51,7.8366,86049.45,403230.046
688560.SH,2022/10/27,50.0,53.33,49.7,50.4,48.3,2.1,4.3478,112718.05,576643.773
688560.SH,2022/10/28,48.83,50.39,47.1,47.74,50.4,-2.66,-5.2778,112359.57,547620.98
688560.SH,2022/10/31,47.7,48.85,45.19,45.7,47.74,-2.04,-4.2731,74961.37,350877.58
688560.SH,2022/11/01,46.21,51.33,46.21,51.0,45.7,5.3,11.5974,86652.23,426459.313
688560.SH,2022/11/02,50.88,58.88,49.4,57.9,51.0,6.9,13.5294,125814.73,694482.124
688560.SH,2022/11/03,57.0,62.47,56.12,60.0,57.9,2.1,3.6269,87144.07,522729.62
688560.SH,2022/11/04,61.85,66.53,60.18,62.69,60.0,2.69,4.4833,83677.83,528045.004
688560.SH,2022/11/07,62.6,63.46,60.01,62.84,62.69,0.15,0.2393,59898.34,372538.189
688560.SH,2022/11/08,61.98,62.3,59.11,60.28,62.84,-2.56,-4.0738,69024.98,414681.306
688560.SH,2022/11/09,59.6,60.54,58.17,58.6,60.28,-1.68,-2.787,51559.83,305630.842
688560.SH,2022/11/10,58.54,59.07,56.1,56.47,58.6,-2.13,-3.6348,60794.88,349617.649
688560.SH,2022/11/11,59.0,59.35,55.0,57.78,56.47,1.31,2.3198,77131.19,438456.24
688560.SH,2022/11/14,56.53,56.9,52.55,53.5,57.78,-4.28,-7.4074,79459.33,428560.313
688560.SH,2022/11/15,53.99,57.76,52.61,57.5,53.5,4.0,7.4766,68914.79,384207.647
688560.SH,2022/11/16,56.42,57.4,54.2,55.24,57.5,-2.26,-3.9304,40529.01,225146.62
688560.SH,2022/11/17,55.58,55.61,50.22,52.69,55.24,-2.55,-4.6162,74530.2,385601.817
688560.SH,2022/11/18,52.1,55.5,50.9,54.8,52.69,2.11,4.0046,74336.07,401035.986
688560.SH,2022/11/21,54.73,57.45,53.85,56.39,54.8,1.59,2.9015,60086.12,337800.642
688560.SH,2022/11/22,55.51,56.7,53.25,55.22,56.39,-1.17,-2.0748,37930.45,208128.127
688560.SH,2022/11/23,54.79,59.95,53.88,59.38,55.22,4.16,7.5335,64100.6,368346.43
688560.SH,2022/11/24,59.72,60.55,57.26,58.62,59.38,-0.76,-1.2799,69056.89,406543.056
688560.SH,2022/11/25,57.54,57.76,54.0,55.6,58.62,-3.02,-5.1518,76860.06,425883.313
688560.SH,2022/11/28,53.5,55.33,53.3,53.78,55.6,-1.82,-3.2734,36743.42,199797.981
688560.SH,2022/11/29,53.3,54.3,49.1,51.47,53.78,-2.31,-4.2953,81574.4,419135.014
688560.SH,2022/11/30,51.08,52.0,49.67,50.71,51.47,-0.76,-1.4766,46137.92,234735.691
688560.SH,2022/12/01,51.47,53.85,51.15,51.38,50.71,0.67,1.3212,54504.56,285632.311
688560.SH,2022/12/02,51.35,55.35,51.35,53.4,51.38,2.02,3.9315,57302.46,308385.704
688560.SH,2022/12/05,53.0,53.38,50.02,51.88,53.4,-1.52,-2.8464,55273.48,282822.482
688560.SH,2022/12/06,51.0,51.35,49.14,50.0,51.88,-1.88,-3.6237,68562.72,344440.61
688560.SH,2022/12/07,49.8,51.3,48.68,49.56,50.0,-0.44,-0.88,46916.47,233823.715
688560.SH,2022/12/08,49.12,51.54,49.12,50.8,49.56,1.24,2.502,49699.38,252341.98
688560.SH,2022/12/09,50.31,51.76,48.9,50.7,50.8,-0.1,-0.1969,35413.45,178967.574
688560.SH,2022/12/12,49.81,50.85,49.31,49.8,50.7,-0.9,-1.7751,25132.33,125488.579
688560.SH,2022/12/13,49.59,49.87,46.92,47.57,49.8,-2.23,-4.4779,51486.25,246139.591
688560.SH,2022/12/14,47.66,48.2,46.41,47.35,47.57,-0.22,-0.4625,28861.69,136414.076
688560.SH,2022/12/15,46.58,49.55,46.58,49.38,47.35,2.03,4.2872,38615.15,187680.844
688560.SH,2022/12/16,48.36,49.29,46.78,47.0,49.38,-2.38,-4.8198,22867.31,109016.615
688560.SH,2022/12/19,46.33,48.8,46.18,46.66,47.0,-0.34,-0.7234,23121.52,109007.823
688560.SH,2022/12/20,46.88,48.41,45.97,47.53,46.66,0.87,1.8646,27190.27,129452.093
688560.SH,2022/12/21,47.96,47.96,45.53,46.48,47.53,-1.05,-2.2091,25964.55,120291.409
688560.SH,2022/12/22,46.56,47.28,44.33,45.9,46.48,-0.58,-1.2478,25653.81,116721.402
688560.SH,2022/12/23,45.0,45.35,42.88,43.92,45.9,-1.98,-4.3137,42243.68,184577.815
688560.SH,2022/12/26,43.5,47.43,43.0,47.0,43.92,3.08,7.0128,57566.81,265245.92
688560.SH,2022/12/27,47.09,49.33,46.61,48.9,47.0,1.9,4.0426,54936.43,265605.122
688560.SH,2022/12/28,48.24,49.98,48.24,48.3,48.9,-0.6,-1.227,41013.69,200934.758
688560.SH,2022/12/29,48.13,48.85,47.31,47.4,48.3,-0.9,-1.8634,26898.44,128937.009
688560.SH,2022/12/30,47.57,48.47,46.06,46.3,47.4,-1.1,-2.3207,32516.62,152579.057
688560.SH,2023/01/03,46.53,49.15,46.11,49.0,46.3,2.7,5.8315,41664.81,199147.251
688560.SH,2023/01/04,48.31,48.9,46.06,46.2,49.0,-2.8,-5.7143,43795.62,206195.133
688560.SH,2023/01/05,46.21,48.54,46.21,48.34,46.2,2.14,4.632,46596.53,222698.926
688560.SH,2023/01/06,48.97,58.01,48.97,54.91,48.34,6.57,13.5912,106296.9,581142.906
688560.SH,2023/01/09,54.7,55.95,53.74,54.7,54.91,-0.21,-0.3824,63547.95,348300.864
688560.SH,2023/01/10,54.86,55.81,53.71,53.85,54.7,-0.85,-1.5539,32628.88,178029.527
688560.SH,2023/01/11,53.66,54.4,52.2,52.3,53.85,-1.55,-2.8784,48207.24,257118.406
688560.SH,2023/01/12,52.86,54.1,52.36,52.83,52.3,0.53,1.0134,33161.67,176300.199
688560.SH,2023/01/13,52.83,53.56,50.59,51.3,52.83,-1.53,-2.8961,35865.27,184417.052
688560.SH,2023/01/16,51.42,54.45,50.74,53.36,51.3,2.06,4.0156,53425.11,284027.291
688560.SH,2023/01/17,53.99,56.3,53.01,53.88,53.36,0.52,0.9745,39965.77,218060.716
688560.SH,2023/01/18,53.5,54.0,52.21,52.5,53.88,-1.38,-2.5612,30786.34,162742.792
688560.SH,2023/01/19,52.07,52.58,51.33,52.53,52.5,0.03,0.0571,20487.55,106545.719
688560.SH,2023/01/20,52.37,53.4,51.37,52.18,52.53,-0.35,-0.6663,25261.85,132383.564
688560.SH,2023/01/30,52.63,53.33,50.71,51.08,52.18,-1.1,-2.1081,45082.58,234136.645
688560.SH,2023/01/31,50.7,52.27,50.11,52.27,51.08,1.19,2.3297,39713.54,203998.706
688560.SH,2023/02/01,53.41,53.88,49.79,50.8,52.27,-1.47,-2.8123,75845.09,388037.13
688560.SH,2023/02/02,50.03,50.45,48.48,49.05,50.8,-1.75,-3.4449,70806.68,347557.655
688560.SH,2023/02/03,48.9,48.99,47.1,48.37,49.05,-0.68,-1.3863,48876.77,234404.583
688560.SH,2023/02/06,48.0,48.77,47.66,47.9,48.37,-0.47,-0.9717,23912.37,115069.216
688560.SH,2023/02/07,47.97,48.68,46.88,47.11,47.9,-0.79,-1.6493,34493.73,163953.326
688560.SH,2023/02/08,47.21,50.29,47.21,48.9,47.11,1.79,3.7996,70239.32,343807.945
688560.SH,2023/02/09,48.88,49.78,47.79,48.74,48.9,-0.16,-0.3272,39601.65,192974.33
688560.SH,2023/02/10,48.6,48.73,46.82,47.36,48.74,-1.38,-2.8314,39883.19,189678.726
688560.SH,2023/02/13,47.46,48.3,46.71,46.92,47.36,-0.44,-0.9291,35459.48,167323.948
688560.SH,2023/02/14,47.05,47.15,45.56,46.04,46.92,-0.88,-1.8755,48250.93,221603.963
688560.SH,2023/02/15,46.2,46.86,45.26,45.56,46.04,-0.48,-1.0426,45584.16,209404.521
688560.SH,2023/02/16,45.58,48.19,44.8,46.0,45.56,0.44,0.9658,82518.97,386294.027
688560.SH,2023/02/17,46.26,47.93,45.13,47.15,46.0,1.15,2.5,59865.69,278934.315
688560.SH,2023/02/20,46.97,48.81,45.55,48.13,47.15,0.98,2.0785,64106.21,304093.808
688560.SH,2023/02/21,48.12,48.21,46.89,47.84,48.13,-0.29,-0.6025,32837.4,156206.437
688560.SH,2023/02/22,47.01,47.5,45.41,45.56,47.84,-2.28,-4.7659,57917.48,267308.5
688560.SH,2023/02/23,45.16,47.28,45.16,46.6,45.56,1.04,2.2827,49838.72,231363.504
688560.SH,2023/02/24,46.59,46.73,45.58,45.74,46.6,-0.86,-1.8455,24740.17,113629.928
688560.SH,2023/02/27,45.06,47.47,44.75,44.93,45.74,-0.81,-1.7709,43087.21,197666.027
688560.SH,2023/02/28,44.5,44.5,37.5,37.88,44.93,-7.05,-15.6911,180495.1,715267.614
688560.SH,2023/03/01,37.39,38.1,37.04,37.43,37.88,-0.45,-1.188,96227.03,360972.37
688560.SH,2023/03/02,37.99,37.99,36.77,36.87,37.43,-0.56,-1.4961,50314.63,187332.928
688560.SH,2023/03/03,37.0,37.55,36.68,37.02,36.87,0.15,0.4068,36000.86,133418.446
688560.SH,2023/03/06,36.86,37.6,35.46,37.35,37.02,0.33,0.8914,65163.89,238570.326
688560.SH,2023/03/07,37.61,37.7,36.32,36.45,37.35,-0.9,-2.4096,33244.64,122299.031
688560.SH,2023/03/08,36.45,37.15,36.01,36.28,36.45,-0.17,-0.4664,27958.11,101685.5
688560.SH,2023/03/09,36.42,36.56,35.86,36.12,36.28,-0.16,-0.441,24880.89,89945.607
688560.SH,2023/03/10,35.79,35.97,35.15,35.3,36.12,-0.82,-2.2702,31455.66,111618.541
688560.SH,2023/03/13,35.16,35.41,34.9,35.16,35.3,-0.14,-0.3966,21004.6,73868.758
688560.SH,2023/03/14,35.16,35.38,33.78,34.64,35.16,-0.52,-1.479,36267.76,124577.099
688560.SH,2023/03/15,35.29,36.18,35.02,35.19,34.64,0.55,1.5878,43537.62,154976.079
688560.SH,2023/03/16,35.1,35.17,33.8,33.81,35.19,-1.38,-3.9216,35667.79,122396.278
688560.SH,2023/03/17,33.99,34.31,33.0,33.09,33.81,-0.72,-2.1295,47112.39,157841.203
688560.SH,2023/03/20,33.29,34.08,32.35,33.57,33.09,0.48,1.4506,53885.45,179475.883
688560.SH,2023/03/21,33.47,34.05,33.01,33.86,33.57,0.29,0.8639,34090.82,114627.024
688560.SH,2023/03/22,34.01,34.35,33.25,33.37,33.86,-0.49,-1.4471,30503.31,102770.861
688560.SH,2023/03/23,33.55,33.85,33.1,33.2,33.37,-0.17,-0.5094,25524.14,85156.288
688560.SH,2023/03/24,33.36,33.8,32.81,33.18,33.2,-0.02,-0.0602,30105.66,100367.785
688560.SH,2023/03/27,33.06,34.32,32.93,34.03,33.18,0.85,2.5618,46661.07,157864.085
688560.SH,2023/03/28,34.05,34.85,33.82,33.88,34.03,-0.15,-0.4408,42842.38,146856.892
688560.SH,2023/03/29,34.28,34.77,33.83,34.34,33.88,0.46,1.3577,48724.82,166823.717
688560.SH,2023/03/30,34.32,34.59,33.83,34.09,34.34,-0.25,-0.728,32450.42,110837.39
688560.SH,2023/03/31,34.26,36.46,34.16,35.29,34.09,1.2,3.5201,66492.28,235565.553
688560.SH,2023/04/03,34.94,35.36,34.61,34.79,35.29,-0.5,-1.4168,49358.56,172054.358
688560.SH,2023/04/04,35.1,35.2,33.35,33.83,34.79,-0.96,-2.7594,57606.9,196260.868
688560.SH,2023/04/06,33.82,34.42,33.38,34.08,33.83,0.25,0.739,30096.05,102214.922
688560.SH,2023/04/07,34.1,34.85,33.97,34.62,34.08,0.54,1.5845,23479.27,81036.865
688560.SH,2023/04/10,34.65,35.1,34.06,34.65,34.62,0.03,0.0867,26251.45,90808.304
688560.SH,2023/04/11,34.7,34.7,33.9,33.95,34.65,-0.7,-2.0202,25534.96,87170.188
688560.SH,2023/04/12,33.78,33.99,32.6,32.88,33.95,-1.07,-3.1517,38452.21,127249.878
688560.SH,2023/04/13,32.89,33.35,32.85,32.87,32.88,-0.01,-0.0304,25845.09,85279.216
688560.SH,2023/04/14,32.93,33.96,32.67,33.49,32.87,0.62,1.8862,26532.88,89048.543
688560.SH,2023/04/17,33.49,34.96,33.37,34.44,33.49,0.95,2.8367,43750.49,151267.282
688560.SH,2023/04/18,34.62,35.21,34.1,34.16,34.44,-0.28,-0.813,24796.75,85536.265
688560.SH,2023/04/19,33.93,34.17,32.16,32.98,34.16,-1.18,-3.4543,45464.17,149871.182
688560.SH,2023/04/20,32.81,33.0,31.46,31.59,32.98,-1.39,-4.2147,33621.29,107070.024
688560.SH,2023/04/21,31.5,31.89,30.03,30.5,31.59,-1.09,-3.4505,29284.39,90932.009
688560.SH,2023/04/24,30.5,30.78,29.71,29.9,30.5,-0.6,-1.9672,24502.38,73695.78
688560.SH,2023/04/25,29.9,30.49,28.31,28.47,29.9,-1.43,-4.7826,36286.73,104856.22
688560.SH,2023/04/26,25.64,29.2,25.61,28.44,28.47,-0.03,-0.1054,78959.69,218059.495
688560.SH,2023/04/27,29.11,31.0,28.44,30.46,28.44,2.02,7.1027,79335.03,235884.583
688560.SH,2023/04/28,30.51,31.4,29.63,31.04,30.46,0.58,1.9041,55175.91,168572.177
688560.SH,2023/05/04,31.05,31.75,30.71,31.11,31.04,0.07,0.2255,23122.24,72193.419
688560.SH,2023/05/05,30.84,31.18,29.8,29.83,31.11,-1.28,-4.1144,25534.72,77128.873
688560.SH,2023/05/08,29.59,30.41,29.49,29.7,29.83,-0.13,-0.4358,27560.71,82297.677
688560.SH,2023/05/09,29.46,29.96,28.87,28.99,29.7,-0.71,-2.3906,28698.46,83932.983
688560.SH,2023/05/10,28.84,30.1,28.65,29.83,28.99,0.84,2.8976,27594.28,81397.164
688560.SH,2023/05/11,29.82,30.38,29.35,29.58,29.83,-0.25,-0.8381,23608.44,70474.051
688560.SH,2023/05/12,29.3,30.01,29.13,29.25,29.58,-0.33,-1.1156,21251.67,62600.966
688560.SH,2023/05/15,29.25,30.27,29.19,29.64,29.25,0.39,1.3333,20487.32,61010.315
688560.SH,2023/05/16,29.4,30.35,29.4,29.57,29.64,-0.07,-0.2362,20379.8,60806.09
688560.SH,2023/05/17,29.9,30.77,29.4,30.31,29.57,0.74,2.5025,23113.53,69713.892
688560.SH,2023/05/18,30.12,30.89,29.55,29.63,30.31,-0.68,-2.2435,21713.89,64689.248
688560.SH,2023/05/19,29.42,29.86,29.21,29.3,29.63,-0.33,-1.1137,14462.39,42609.831
688560.SH,2023/05/22,29.17,30.26,29.08,30.03,29.3,0.73,2.4915,22712.18,67806.741
688560.SH,2023/05/23,29.84,30.79,29.82,29.83,30.03,-0.2,-0.666,16194.45,48790.099
688560.SH,2023/05/24,29.6,30.87,29.6,30.36,29.83,0.53,1.7767,25760.84,78075.666
688560.SH,2023/05/25,30.12,31.18,29.96,30.44,30.36,0.08,0.2635,35048.7,107424.891
688560.SH,2023/05/26,30.4,30.4,29.1,29.53,30.44,-0.91,-2.9895,26230.76,77760.763
688560.SH,2023/05/29,29.39,29.76,28.44,28.83,29.53,-0.7,-2.3705,35756.18,103106.242
688560.SH,2023/05/30,28.83,29.26,28.33,28.5,28.83,-0.33,-1.1446,27298.82,78083.518
688560.SH,2023/05/31,28.29,28.7,27.58,27.74,28.5,-0.76,-2.6667,25858.71,72472.222
688560.SH,2023/06/01,27.62,28.38,27.41,27.46,27.74,-0.28,-1.0094,24789.1,68942.174
688560.SH,2023/06/02,27.4,28.5,27.4,28.36,27.46,0.9,3.2775,30419.37,85366.703
688560.SH,2023/06/05,28.68,28.68,27.24,27.39,28.36,-0.97,-3.4203,24283.75,67624.701
688560.SH,2023/06/06,27.34,27.34,22.99,23.89,27.39,-3.5,-12.7784,184102.38,443554.664
688560.SH,2023/06/07,23.88,24.88,23.6,24.66,23.89,0.77,3.2231,80168.49,194214.219
688560.SH,2023/06/08,24.78,25.38,24.28,24.5,24.66,-0.16,-0.6488,47739.48,118812.218
688560.SH,2023/06/09,24.72,25.08,24.35,24.94,24.5,0.44,1.7959,34361.78,85055.4
688560.SH,2023/06/12,25.05,25.8,24.5,25.59,24.94,0.65,2.6063,35512.79,89699.776
688560.SH,2023/06/13,25.7,26.05,25.46,25.59,25.59,0.0,0.0,40091.29,103329.74
688560.SH,2023/06/14,25.62,25.9,25.31,25.49,25.59,-0.1,-0.3908,23736.66,60763.056
688560.SH,2023/06/15,25.37,26.51,25.0,26.34,25.49,0.85,3.3346,47251.81,123421.257
688560.SH,2023/06/16,26.44,26.88,26.14,26.61,26.34,0.27,1.0251,32121.79,85156.279
688560.SH,2023/06/19,26.9,27.14,26.51,26.69,26.61,0.08,0.3006,25674.92,68765.063
688560.SH,2023/06/20,26.84,26.85,26.36,26.44,26.69,-0.25,-0.9367,27340.38,72614.058
688560.SH,2023/06/21,26.59,26.95,26.06,26.06,26.44,-0.38,-1.4372,26314.25,69568.848
688560.SH,2023/06/26,25.77,26.64,25.51,25.79,26.06,-0.27,-1.0361,29349.28,76252.954
688560.SH,2023/06/27,25.88,26.6,25.61,26.28,25.79,0.49,1.9,33771.4,88352.147
688560.SH,2023/06/28,26.17,26.42,25.76,26.15,26.28,-0.13,-0.4947,24558.42,64000.554
688560.SH,2023/06/29,26.21,27.14,25.89,26.38,26.15,0.23,0.8795,41359.72,109886.776
688560.SH,2023/06/30,26.4,28.18,26.18,27.79,26.38,1.41,5.345,57656.07,158264.681
688560.SH,2023/07/03,28.05,28.44,27.39,27.52,27.79,-0.27,-0.9716,37814.48,105092.511
688560.SH,2023/07/04,27.42,27.99,27.2,27.32,27.52,-0.2,-0.7267,23427.99,64457.749
688560.SH,2023/07/05,27.33,27.47,27.0,27.07,27.32,-0.25,-0.9151,20690.17,56135.058
688560.SH,2023/07/06,27.21,27.21,26.64,26.8,27.07,-0.27,-0.9974,22325.7,59938.949
688560.SH,2023/07/07,26.93,26.93,26.03,26.3,26.8,-0.5,-1.8657,31705.19,83428.153
688560.SH,2023/07/10,26.22,27.55,25.98,27.08,26.3,0.78,2.9658,41053.73,110869.964
688560.SH,2023/07/11,27.03,27.27,26.69,26.87,27.08,-0.21,-0.7755,32744.6,87952.823
688560.SH,2023/07/12,26.89,27.18,26.52,26.63,26.87,-0.24,-0.8932,31530.64,84532.456
688560.SH,2023/07/13,26.63,27.2,26.51,26.75,26.63,0.12,0.4506,33181.59,88918.63
688560.SH,2023/07/14,26.77,26.8,25.76,25.96,26.75,-0.79,-2.9533,36551.7,95444.829
688560.SH,2023/07/17,25.9,26.03,25.45,25.93,25.96,-0.03,-0.1156,21889.52,56431.966
688560.SH,2023/07/18,25.9,25.9,25.08,25.26,25.93,-0.67,-2.5839,31106.78,78668.842
688560.SH,2023/07/19,25.24,25.35,24.66,24.79,25.26,-0.47,-1.8606,22612.07,56374.934
688560.SH,2023/07/20,24.88,25.09,24.28,24.34,24.79,-0.45,-1.8152,18294.41,45008.659
688560.SH,2023/07/21,24.3,24.47,23.88,23.98,24.34,-0.36,-1.479,19701.56,47413.657
688560.SH,2023/07/24,23.91,23.97,23.45,23.5,23.81,-0.31,-1.302,14483.8,34215.224
688560.SH,2023/07/25,23.8,24.46,23.61,24.16,23.5,0.66,2.8085,27345.82,65873.864
688560.SH,2023/07/26,24.19,24.2,23.57,23.62,24.16,-0.54,-2.2351,26477.66,63045.46
688560.SH,2023/07/27,23.61,23.89,23.1,23.25,23.62,-0.37,-1.5665,19184.6,45057.933
688560.SH,2023/07/28,23.1,23.78,22.91,23.49,23.25,0.24,1.0323,25808.42,60241.249
688560.SH,2023/07/31,23.52,24.05,23.46,23.57,23.49,0.08,0.3406,25177.13,59682.425
688560.SH,2023/08/01,23.66,23.92,23.1,23.22,23.57,-0.35,-1.4849,21765.36,50785.324
688560.SH,2023/08/02,23.19,23.4,22.99,23.1,23.22,-0.12,-0.5168,17176.81,39719.186
688560.SH,2023/08/03,23.01,23.58,22.93,23.12,23.1,0.02,0.0866,24530.27,56939.194
688560.SH,2023/08/04,23.16,23.54,23.12,23.37,23.12,0.25,1.0813,22120.76,51639.01
688560.SH,2023/08/07,23.38,23.38,22.74,22.87,23.37,-0.5,-2.1395,25137.57,57648.153
688560.SH,2023/08/08,22.92,23.07,22.43,22.45,22.87,-0.42,-1.8365,22523.5,50940.714
688560.SH,2023/08/09,22.45,22.79,22.22,22.54,22.45,0.09,0.4009,19278.22,43375.099
688560.SH,2023/08/10,22.59,23.42,22.56,22.74,22.54,0.2,0.8873,26375.68,60543.359
688560.SH,2023/08/11,22.74,22.79,21.88,21.92,22.74,-0.82,-3.606,23512.43,52242.869
688560.SH,2023/08/14,21.72,22.07,21.5,22.07,21.92,0.15,0.6843,21299.44,46301.717
688560.SH,2023/08/15,22.07,22.16,21.34,21.6,22.07,-0.47,-2.1296,20824.87,44885.475
688560.SH,2023/08/16,21.65,21.95,21.25,21.25,21.6,-0.35,-1.6204,17968.15,38807.402
688560.SH,2023/08/17,21.2,21.75,20.96,21.64,21.25,0.39,1.8353,21030.3,45054.383
688560.SH,2023/08/18,21.69,21.93,21.48,21.54,21.64,-0.1,-0.4621,18172.66,39404.498
688560.SH,2023/08/21,21.58,21.59,20.88,20.91,21.54,-0.63,-2.9248,22262.99,47069.875
688560.SH,2023/08/22,21.0,21.18,20.35,20.78,20.91,-0.13,-0.6217,21257.9,44056.321
688560.SH,2023/08/23,20.98,20.98,20.22,20.25,20.78,-0.53,-2.5505,20505.12,41879.483
688560.SH,2023/08/24,20.45,20.77,20.19,20.35,20.25,0.1,0.4938,18199.58,37254.078
688560.SH,2023/08/25,20.36,20.45,19.84,19.92,20.35,-0.43,-2.113,21782.88,43888.015
688560.SH,2023/08/28,21.0,21.3,20.0,20.07,19.92,0.15,0.753,29101.51,59878.918
688560.SH,2023/08/29,19.95,21.31,19.87,21.11,20.07,1.04,5.1819,35886.33,74958.405
688560.SH,2023/08/30,21.3,21.77,21.12,21.33,21.11,0.22,1.0422,30970.6,66385.198
688560.SH,2023/08/31,21.38,21.39,20.97,21.24,21.33,-0.09,-0.4219,17941.82,38004.208
688560.SH,2023/09/01,21.29,21.47,20.9,20.99,21.24,-0.25,-1.177,15441.66,32519.587
688560.SH,2023/09/04,21.26,21.28,20.83,21.27,20.99,0.28,1.334,19165.02,40452.633
688560.SH,2023/09/05,21.27,21.95,21.12,21.67,21.27,0.4,1.8806,37168.96,80238.043
688560.SH,2023/09/06,21.88,22.07,21.13,21.6,21.67,-0.07,-0.323,45638.93,98128.366
688560.SH,2023/09/07,21.44,21.47,20.64,20.77,21.6,-0.83,-3.8426,32463.85,68137.433
688560.SH,2023/09/08,20.78,20.83,20.48,20.62,20.77,-0.15,-0.7222,16946.36,35014.093
688560.SH,2023/09/11,20.62,21.23,20.4,20.99,20.62,0.37,1.7944,29989.33,62854.875
688560.SH,2023/09/12,20.93,21.31,20.7,20.93,20.99,-0.06,-0.2859,24240.87,50871.728
688560.SH,2023/09/13,20.92,20.96,20.2,20.49,20.93,-0.44,-2.1022,25329.11,51821.129
688560.SH,2023/09/14,20.4,20.45,19.61,19.82,20.49,-0.67,-3.2699,27340.94,54393.804
688560.SH,2023/09/15,19.95,20.07,19.45,19.74,19.82,-0.08,-0.4036,20957.31,41262.549
688560.SH,2023/09/18,19.65,20.69,19.5,20.2,19.74,0.46,2.3303,35460.16,71809.018
688560.SH,2023/09/19,20.1,20.31,19.45,19.56,20.2,-0.64,-3.1683,25754.79,50844.825
688560.SH,2023/09/20,19.45,19.57,19.08,19.1,19.56,-0.46,-2.3517,19840.97,38172.77
688560.SH,2023/09/21,19.01,19.35,18.87,18.96,19.1,-0.14,-0.733,18747.99,35678.555
688560.SH,2023/09/22,18.9,19.95,18.84,19.93,18.96,0.97,5.116,40662.36,79314.853
688560.SH,2023/09/25,19.8,20.0,19.13,19.6,19.93,-0.33,-1.6558,42486.53,83070.084
688560.SH,2023/09/26,19.58,19.69,18.94,19.05,19.6,-0.55,-2.8061,35899.26,69075.613
688560.SH,2023/09/27,19.08,20.25,18.96,19.7,19.05,0.65,3.4121,50791.99,100318.05
688560.SH,2023/09/28,19.79,20.18,19.57,19.85,19.7,0.15,0.7614,37489.59,74409.365
688560.SH,2023/10/09,20.01,20.01,19.44,19.48,19.85,-0.37,-1.864,29365.31,57477.398
688560.SH,2023/10/10,19.58,19.74,19.19,19.23,19.48,-0.25,-1.2834,20841.32,40351.313
688560.SH,2023/10/11,19.34,19.83,19.27,19.52,19.23,0.29,1.5081,32268.04,63132.703
688560.SH,2023/10/12,19.56,20.2,19.44,20.08,19.52,0.56,2.8689,39883.31,79385.339
688560.SH,2023/10/13,19.92,19.99,19.11,19.55,20.08,-0.53,-2.6394,58624.07,113650.778
688560.SH,2023/10/16,19.49,19.55,18.67,18.84,19.55,-0.71,-3.6317,46622.34,88217.013
688560.SH,2023/10/17,18.96,19.1,18.74,18.91,18.84,0.07,0.3715,33051.86,62490.663
688560.SH,2023/10/18,18.7,18.87,18.33,18.47,18.91,-0.44,-2.3268,27146.17,50210.719
688560.SH,2023/10/19,18.18,18.78,18.16,18.44,18.47,-0.03,-0.1624,32608.59,60224.98
688560.SH,2023/10/20,17.6,18.43,17.25,18.1,18.44,-0.34,-1.8438,55970.41,100295.89
688560.SH,2023/10/23,18.04,18.05,17.37,17.53,18.1,-0.57,-3.1492,36912.57,64978.863
688560.SH,2023/10/24,17.62,18.27,17.62,18.03,17.53,0.5,2.8523,39748.47,71385.663
688560.SH,2023/10/25,18.06,18.49,17.74,17.79,18.03,-0.24,-1.3311,34465.09,62196.645
688560.SH,2023/10/26,17.67,17.97,17.32,17.89,17.79,0.1,0.5621,34701.17,61020.465
688560.SH,2023/10/27,17.68,18.64,17.38,18.51,17.89,0.62,3.4656,51737.24,93862.419
688560.SH,2023/10/30,18.51,19.03,18.37,18.87,18.51,0.36,1.9449,46447.63,87384.865
688560.SH,2023/10/31,18.81,18.98,18.28,18.39,18.87,-0.48,-2.5437,30567.1,56659.737
688560.SH,2023/11/01,18.53,18.59,18.2,18.29,18.39,-0.1,-0.5438,20829.19,38222.471
688560.SH,2023/11/02,18.29,18.39,17.79,17.79,18.29,-0.5,-2.7337,24267.8,43686.955
688560.SH,2023/11/03,17.84,18.44,17.84,18.28,17.79,0.49,2.7544,30271.42,55297.378
688560.SH,2023/11/06,18.36,19.22,18.36,18.89,18.28,0.61,3.337,49064.81,92717.212
688560.SH,2023/11/07,18.9,18.96,18.47,18.84,18.89,-0.05,-0.2647,30538.17,57348.409
688560.SH,2023/11/08,18.8,18.97,18.67,18.82,18.84,-0.02,-0.1062,29395.84,55385.433
688560.SH,2023/11/09,18.82,19.26,18.72,18.96,18.82,0.14,0.7439,52384.59,99584.131
688560.SH,2023/11/10,18.81,18.81,18.54,18.68,18.96,-0.28,-1.4768,24734.57,46165.996
688560.SH,2023/11/13,18.72,19.12,18.7,19.02,18.68,0.34,1.8201,31439.55,59474.43
688560.SH,2023/11/14,19.0,19.24,18.85,19.07,19.02,0.05,0.2629,25754.76,49003.902
688560.SH,2023/11/15,19.38,20.56,19.15,20.06,19.07,0.99,5.1914,116698.94,232466.427
688560.SH,2023/11/16,20.13,20.16,19.06,19.13,20.06,-0.93,-4.6361,101608.74,197067.685
688560.SH,2023/11/17,19.04,20.07,18.83,19.75,19.13,0.62,3.241,104970.41,205403.678
688560.SH,2023/11/20,19.65,20.49,19.25,20.3,19.75,0.55,2.7848,103260.28,204943.321
688560.SH,2023/11/21,20.3,20.47,19.72,19.81,20.3,-0.49,-2.4138,85271.46,170437.312
688560.SH,2023/11/22,19.7,19.8,19.11,19.11,19.81,-0.7,-3.5336,67477.91,130539.326
688560.SH,2023/11/23,19.11,19.29,19.0,19.24,19.11,0.13,0.6803,46813.35,89554.969
688560.SH,2023/11/24,19.17,19.2,18.42,18.42,19.24,-0.82,-4.262,59908.39,111909.088
688560.SH,2023/11/27,18.18,18.61,18.02,18.31,18.42,-0.11,-0.5972,42122.46,76885.997
688560.SH,2023/11/28,18.24,18.83,18.12,18.62,18.31,0.31,1.6931,42975.72,79914.868
688560.SH,2023/11/29,18.66,18.72,18.29,18.37,18.62,-0.25,-1.3426,28196.04,51941.953
688560.SH,2023/11/30,18.33,18.36,17.86,17.99,18.37,-0.38,-2.0686,38443.39,69298.21
688560.SH,2023/12/01,17.96,18.15,17.76,18.03,17.99,0.04,0.2223,29434.9,52803.049
688560.SH,2023/12/04,18.03,18.15,17.57,17.61,18.03,-0.42,-2.3295,36212.03,64481.656
688560.SH,2023/12/05,17.57,17.85,17.08,17.08,17.61,-0.53,-3.0097,30828.61,53717.466
688560.SH,2023/12/06,17.11,17.64,17.1,17.32,17.08,0.24,1.4052,43518.63,75925.79
688560.SH,2023/12/07,17.48,17.48,16.94,17.05,17.32,-0.27,-1.5589,33272.03,56926.436
688560.SH,2023/12/08,17.1,17.33,17.02,17.09,17.05,0.04,0.2346,24076.85,41275.195
688560.SH,2023/12/11,16.99,17.07,16.54,16.87,17.09,-0.22,-1.2873,41136.32,68928.758
688560.SH,2023/12/12,16.87,16.89,16.46,16.6,16.87,-0.27,-1.6005,30271.04,50414.914
688560.SH,2023/12/13,16.66,16.72,16.34,16.37,16.6,-0.23,-1.3855,25351.82,41729.074
688560.SH,2023/12/14,16.51,16.71,16.21,16.26,16.37,-0.11,-0.672,22396.1,36817.773
688560.SH,2023/12/15,16.28,17.05,16.28,16.5,16.26,0.24,1.476,51209.37,85305.464
688560.SH,2023/12/18,16.41,16.49,15.94,15.99,16.5,-0.51,-3.0909,36921.51,59642.756
688560.SH,2023/12/19,16.05,16.44,15.85,16.23,15.99,0.24,1.5009,28178.5,45713.83
688560.SH,2023/12/20,16.28,16.49,16.05,16.07,16.23,-0.16,-0.9858,20711.54,33618.959
688560.SH,2023/12/21,16.0,16.85,15.97,16.63,16.07,0.56,3.4848,67345.84,110827.324
688560.SH,2023/12/22,16.55,17.14,16.32,16.85,16.63,0.22,1.3229,70772.93,118462.457
688560.SH,2023/12/25,16.73,16.97,16.57,16.71,16.85,-0.14,-0.8309,38721.45,64832.459
688560.SH,2023/12/26,16.66,16.99,16.3,16.67,16.71,-0.04,-0.2394,52010.36,86429.804
688560.SH,2023/12/27,16.6,16.78,16.08,16.3,16.67,-0.37,-2.2196,48154.22,78521.375
688560.SH,2023/12/28,16.2,19.2,16.19,18.86,16.3,2.56,15.7055,215261.79,388152.899
688560.SH,2023/12/29,18.8,19.0,18.5,18.62,18.86,-0.24,-1.2725,102724.75,191756.745
688560.SH,2024/01/02,18.55,18.65,18.12,18.13,18.62,-0.49,-2.6316,64628.45,118519.901
688560.SH,2024/01/03,18.07,18.3,17.76,17.93,18.13,-0.2,-1.1031,57667.02,103606.142
688560.SH,2024/01/04,17.88,17.98,17.22,17.53,17.93,-0.4,-2.2309,60160.85,105102.621
688560.SH,2024/01/05,17.52,18.22,17.23,17.31,17.53,-0.22,-1.255,72158.71,128116.615
688560.SH,2024/01/08,17.3,17.98,17.18,17.39,17.31,0.08,0.4622,59623.74,104868.255
688560.SH,2024/01/09,17.35,18.25,17.0,17.85,17.39,0.46,2.6452,88132.35,155977.099
688560.SH,2024/01/10,17.57,18.44,17.31,18.07,17.85,0.22,1.2325,101172.84,182157.717
688560.SH,2024/01/11,17.91,18.33,17.68,18.29,18.07,0.22,1.2175,88835.45,160102.287
688560.SH,2024/01/12,18.01,19.35,18.01,18.6,18.29,0.31,1.6949,155278.95,292532.027
688560.SH,2024/01/15,18.45,18.56,17.82,17.82,18.6,-0.78,-4.1935,98813.5,179224.341
688560.SH,2024/01/16,17.98,18.56,17.68,18.27,17.82,0.45,2.5253,87809.04,159694.779
688560.SH,2024/01/17,18.19,18.19,17.11,17.2,18.27,-1.07,-5.8566,84505.72,148572.295
688560.SH,2024/01/18,17.18,17.75,16.95,17.66,17.2,0.46,2.6744,82374.53,142859.662
688560.SH,2024/01/19,17.5,17.75,16.66,16.75,17.66,-0.91,-5.1529,69632.83,119338.696
688560.SH,2024/01/22,16.67,16.72,15.56,15.7,16.75,-1.05,-6.2687,60193.82,97487.638
688560.SH,2024/01/23,15.72,16.3,15.31,15.8,15.7,0.1,0.6369,52617.12,83274.011
688560.SH,2024/01/24,15.8,15.92,14.99,15.61,15.8,-0.19,-1.2025,45487.57,70376.507
688560.SH,2024/01/25,15.78,16.42,15.6,16.25,15.61,0.64,4.0999,58570.52,94519.798
688560.SH,2024/01/26,16.25,16.49,15.68,15.77,16.25,-0.48,-2.9538,44986.55,72103.969
688560.SH,2024/01/29,15.8,15.87,14.91,14.93,15.77,-0.84,-5.3266,42927.67,65266.037
688560.SH,2024/01/30,14.76,15.21,14.36,14.4,14.93,-0.53,-3.5499,32253.05,47637.135
688560.SH,2024/01/31,13.8,14.19,12.9,12.92,14.4,-1.48,-10.2778,65360.03,88119.345
688560.SH,2024/02/01,12.81,13.27,12.7,12.75,12.92,-0.17,-1.3158,46366.62,60048.454
688560.SH,2024/02/02,12.8,13.02,11.53,11.96,12.75,-0.79,-6.1961,62823.33,77011.007
688560.SH,2024/02/05,11.88,12.09,10.29,10.6,11.96,-1.36,-11.3712,68123.73,74590.005
688560.SH,2024/02/06,10.39,12.08,10.08,11.7,10.6,1.1,10.3774,77590.68,85992.771
688560.SH,2024/02/07,11.7,12.19,11.41,11.8,11.7,0.1,0.8547,55077.64,65317.788
688560.SH,2024/02/08,11.83,12.86,11.83,12.76,11.8,0.96,8.1356,54207.37,67178.56
688560.SH,2024/02/19,12.93,13.08,12.6,12.83,12.76,0.07,0.5486,41352.95,52895.241
688560.SH,2024/02/20,12.78,12.9,12.53,12.89,12.83,0.06,0.4677,29544.85,37573.713
688560.SH,2024/02/21,12.75,13.68,12.63,13.23,12.89,0.34,2.6377,46845.83,62276.908
688560.SH,2024/02/22,13.16,13.78,13.16,13.45,13.23,0.22,1.6629,31258.88,41929.379
688560.SH,2024/02/23,13.65,14.27,13.65,13.91,13.45,0.46,3.4201,52273.35,72698.972
688560.SH,2024/02/26,13.86,14.2,13.51,13.87,13.91,-0.04,-0.2876,49220.51,68365.154
688560.SH,2024/02/27,13.77,14.2,13.71,14.2,13.87,0.33,2.3792,40713.83,56973.875
688560.SH,2024/02/28,14.36,14.77,13.13,13.2,14.2,-1.0,-7.0423,78711.18,111030.374
688560.SH,2024/02/29,13.1,13.73,13.03,13.68,13.2,0.48,3.6364,51918.81,70048.311
688560.SH,2024/03/01,13.85,13.96,13.57,13.88,13.68,0.2,1.462,31853.43,43934.994
688560.SH,2024/03/04,13.98,14.16,13.61,13.76,13.88,-0.12,-0.8646,28276.65,39053.414
688560.SH,2024/03/05,13.65,13.83,13.1,13.18,13.76,-0.58,-4.2151,43478.94,57896.271
688560.SH,2024/03/06,13.07,13.81,13.07,13.52,13.18,0.34,2.5797,42075.52,56801.997
688560.SH,2024/03/07,13.56,13.6,13.12,13.15,13.52,-0.37,-2.7367,36180.16,48218.172
688560.SH,2024/03/08,13.31,13.95,13.16,13.73,13.15,0.58,4.4106,55482.88,75635.742
688560.SH,2024/03/11,13.93,14.57,13.91,14.38,13.73,0.65,4.7342,73149.85,103882.788
688560.SH,2024/03/12,14.29,14.47,14.08,14.26,14.38,-0.12,-0.8345,47057.4,66954.999
688560.SH,2024/03/13,14.23,14.25,13.97,14.12,14.26,-0.14,-0.9818,29311.28,41314.786
688560.SH,2024/03/14,14.1,14.19,13.66,13.84,14.12,-0.28,-1.983,30000.53,41743.295
688560.SH,2024/03/15,13.81,13.94,13.6,13.94,13.84,0.1,0.7225,25566.86,35148.697
688560.SH,2024/03/18,13.94,14.31,13.88,14.31,13.94,0.37,2.6542,35597.88,50184.634
688560.SH,2024/03/19,14.35,14.42,14.2,14.25,14.31,-0.06,-0.4193,27273.86,38977.468
688560.SH,2024/03/20,14.25,14.44,14.14,14.32,14.25,0.07,0.4912,22176.08,31690.019
688560.SH,2024/03/21,14.4,14.4,13.98,14.12,14.32,-0.2,-1.3966,27451.07,38851.929
688560.SH,2024/03/22,14.02,14.13,13.6,13.63,14.12,-0.49,-3.4703,36188.81,49777.69
688560.SH,2024/03/25,13.63,13.63,13.08,13.09,13.63,-0.54,-3.9618,30934.42,41251.534
688560.SH,2024/03/26,13.09,13.45,12.88,13.32,13.09,0.23,1.7571,31713.44,41729.315
688560.SH,2024/03/27,13.32,13.99,13.04,13.1,13.32,-0.22,-1.6517,55633.15,75632.618
688560.SH,2024/03/28,12.85,13.2,12.75,12.97,13.1,-0.13,-0.9924,52065.68,67425.05
688560.SH,2024/03/29,13.07,13.19,12.75,12.95,12.97,-0.02,-0.1542,26392.61,34149.154
688560.SH,2024/04/01,12.96,13.55,12.96,13.42,12.95,0.47,3.6293,42487.59,56654.907
688560.SH,2024/04/02,13.52,14.71,13.36,14.36,13.42,0.94,7.0045,117732.49,167048.977
688560.SH,2024/04/03,14.27,14.76,13.96,14.02,14.36,-0.34,-2.3677,67596.57,96744.693
688560.SH,2024/04/08,13.92,14.3,13.25,13.27,14.02,-0.75,-5.3495,52281.9,71939.809
688560.SH,2024/04/09,13.04,14.49,12.96,14.3,13.27,1.03,7.7619,104047.28,145051.308
688560.SH,2024/04/10,14.29,14.35,13.58,13.8,14.3,-0.5,-3.4965,65927.52,91572.467
688560.SH,2024/04/11,13.72,13.8,13.25,13.4,13.8,-0.4,-2.8986,47863.91,64655.157
688560.SH,2024/04/12,13.51,13.52,12.81,12.85,13.4,-0.55,-4.1045,48678.66,63365.735
688560.SH,2024/04/15,12.81,13.08,11.68,11.88,12.85,-0.97,-7.5486,53098.58,64852.493
688560.SH,2024/04/16,11.73,11.73,10.9,10.99,11.88,-0.89,-7.4916,39242.38,43750.24
688560.SH,2024/04/17,11.22,11.76,11.22,11.76,10.99,0.77,7.0064,31422.69,36407.205
688560.SH,2024/04/18,11.7,11.74,11.32,11.53,11.76,-0.23,-1.9558,28994.36,33513.485
688560.SH,2024/04/19,11.38,11.53,11.12,11.28,11.53,-0.25,-2.1683,22780.33,25596.857
688560.SH,2024/04/22,11.3,11.57,10.95,11.35,11.28,0.07,0.6206,22036.0,24940.419
688560.SH,2024/04/23,11.34,11.58,11.25,11.48,11.35,0.13,1.1454,13834.06,15835.873
688560.SH,2024/04/24,11.5,11.63,11.38,11.59,11.48,0.11,0.9582,16098.95,18528.023
688560.SH,2024/04/25,11.48,11.95,11.45,11.79,11.59,0.2,1.7256,19687.96,23206.592
688560.SH,2024/04/26,11.74,12.05,11.74,12.05,11.79,0.26,2.2053,23399.93,27936.628
688560.SH,2024/04/29,12.06,12.79,12.06,12.7,12.05,0.65,5.3942,40563.26,50931.007
688560.SH,2024/04/30,12.73,12.9,12.52,12.74,12.7,0.04,0.315,27764.48,35339.407
688560.SH,2024/05/06,13.02,13.18,12.86,13.13,12.74,0.39,3.0612,24167.23,31520.403
688560.SH,2024/05/07,13.19,13.45,13.09,13.36,13.13,0.23,1.7517,27185.06,36047.25
688560.SH,2024/05/08,13.33,13.45,13.05,13.08,13.36,-0.28,-2.0958,24537.72,32484.812
688560.SH,2024/05/09,13.13,13.65,13.1,13.38,13.08,0.3,2.2936,31189.27,42014.755
688560.SH,2024/05/10,13.45,13.46,13.02,13.11,13.38,-0.27,-2.0179,18191.32,23896.934
688560.SH,2024/05/13,13.03,13.06,12.71,12.78,13.11,-0.33,-2.5172,21721.46,27936.108
688560.SH,2024/05/14,12.78,13.0,12.75,12.78,12.78,0.0,0.0,13347.44,17150.941
688560.SH,2024/05/15,12.78,13.09,12.61,12.65,12.78,-0.13,-1.0172,13367.57,17053.589
688560.SH,2024/05/16,12.69,12.85,12.6,12.71,12.65,0.06,0.4743,13533.9,17224.589
688560.SH,2024/05/17,12.62,12.84,12.48,12.84,12.71,0.13,1.0228,13605.15,17279.376
688560.SH,2024/05/20,12.89,13.03,12.79,12.86,12.84,0.02,0.1558,15686.29,20232.009
688560.SH,2024/05/21,12.79,12.99,12.63,12.68,12.86,-0.18,-1.3997,13932.15,17829.129
688560.SH,2024/05/22,12.84,13.65,12.8,13.53,12.68,0.85,6.7035,63413.55,84176.583
688560.SH,2024/05/23,13.37,13.39,12.82,12.89,13.53,-0.64,-4.7302,39662.38,51968.537
688560.SH,2024/05/24,12.82,13.08,12.63,12.64,12.89,-0.25,-1.9395,23489.79,30149.814
688560.SH,2024/05/27,12.64,12.72,12.3,12.64,12.64,0.0,0.0,24084.72,29998.623
688560.SH,2024/05/28,12.65,12.8,12.42,12.6,12.64,-0.04,-0.3165,18293.91,23113.127
688560.SH,2024/05/29,12.41,13.24,12.41,12.92,12.6,0.32,2.5397,37504.78,48887.54
688560.SH,2024/05/30,13.06,13.33,12.75,12.79,12.92,-0.13,-1.0062,28416.25,36846.016
688560.SH,2024/05/31,12.76,12.89,12.57,12.6,12.79,-0.19,-1.4855,19006.18,24044.904
688560.SH,2024/06/03,12.6,12.64,12.15,12.28,12.6,-0.32,-2.5397,18530.99,22832.991
688560.SH,2024/06/04,12.29,12.29,11.87,12.02,12.28,-0.26,-2.1173,20662.7,24783.493
688560.SH,2024/06/05,12.0,12.1,11.67,11.71,12.02,-0.31,-2.579,20435.91,24219.809
688560.SH,2024/06/06,11.74,11.89,10.93,11.06,11.71,-0.65,-5.5508,35176.76,39652.859
688560.SH,2024/06/07,11.07,11.35,11.06,11.24,11.06,0.18,1.6275,22743.22,25407.898
688560.SH,2024/06/11,11.16,11.43,10.91,11.39,11.24,0.15,1.3345,19011.96,21331.244
688560.SH,2024/06/12,11.37,11.55,11.29,11.47,11.39,0.08,0.7024,12753.87,14620.437
688560.SH,2024/06/13,11.52,11.87,11.39,11.63,11.47,0.16,1.3949,26066.61,30262.448
688560.SH,2024/06/14,11.66,11.87,11.39,11.5,11.63,-0.13,-1.1178,14592.13,16763.212
688560.SH,2024/06/17,11.42,11.66,11.31,11.38,11.5,-0.12,-1.0435,19806.3,22727.684
688560.SH,2024/06/18,11.38,11.59,11.33,11.52,11.38,0.14,1.2302,12853.77,14767.361
688560.SH,2024/06/19,11.57,11.57,11.28,11.3,11.52,-0.22,-1.9097,13930.77,15851.737
688560.SH,2024/06/20,11.32,11.54,11.19,11.24,11.3,-0.06,-0.531,22829.52,25899.913
688560.SH,2024/06/21,11.3,11.72,11.2,11.26,11.24,0.02,0.1779,30674.32,35056.953
688560.SH,2024/06/24,11.01,11.1,10.45,10.5,11.26,-0.76,-6.7496,31453.47,33718.903
688560.SH,2024/06/25,10.46,10.57,10.2,10.27,10.5,-0.23,-2.1905,18035.13,18653.37
688560.SH,2024/06/26,10.27,10.77,10.13,10.77,10.27,0.5,4.8685,21633.41,22723.873
688560.SH,2024/06/27,10.76,10.85,10.57,10.57,10.77,-0.2,-1.857,15463.35,16540.386
688560.SH,2024/06/28,10.58,10.9,10.55,10.65,10.57,0.08,0.7569,15114.9,16291.459
688560.SH,2024/07/01,10.61,10.94,10.52,10.71,10.65,0.06,0.5634,15053.14,16108.936
688560.SH,2024/07/02,10.69,11.01,10.68,10.84,10.71,0.13,1.2138,21679.6,23590.769
688560.SH,2024/07/03,10.85,10.94,10.67,10.71,10.84,-0.13,-1.1993,13612.67,14686.042
688560.SH,2024/07/04,10.73,10.74,10.32,10.36,10.71,-0.35,-3.268,16025.25,16795.29
688560.SH,2024/07/05,10.36,10.48,10.15,10.44,10.36,0.08,0.7722,10311.37,10680.366
688560.SH,2024/07/08,10.35,10.35,10.05,10.07,10.44,-0.37,-3.5441,20716.99,21027.221
688560.SH,2024/07/09,10.05,10.21,9.88,10.18,10.07,0.11,1.0924,19459.53,19560.893
688560.SH,2024/07/10,10.19,10.56,10.0,10.17,10.18,-0.01,-0.0982,21250.28,21916.018
688560.SH,2024/07/11,10.35,10.75,10.35,10.69,10.17,0.52,5.1131,24073.52,25516.584
688560.SH,2024/07/12,10.63,11.05,10.63,10.78,10.69,0.09,0.8419,19638.83,21348.492
688560.SH,2024/07/15,10.71,10.93,10.33,10.34,10.78,-0.44,-4.0816,17977.06,18875.579
688560.SH,2024/07/16,10.48,10.48,10.18,10.33,10.34,-0.01,-0.0967,11012.15,11336.83
688560.SH,2024/07/17,10.39,10.58,10.33,10.34,10.33,0.01,0.0968,20334.5,21239.391
688560.SH,2024/07/18,10.3,10.37,9.89,10.28,10.34,-0.06,-0.5803,19398.41,19616.077
688560.SH,2024/07/19,10.25,10.58,10.16,10.54,10.28,0.26,2.5292,22814.72,23776.989
688560.SH,2024/07/22,10.51,10.68,10.46,10.53,10.54,-0.01,-0.0949,14995.9,15842.181
688560.SH,2024/07/23,10.45,10.68,10.22,10.26,10.53,-0.27,-2.5641,19297.31,20139.22
688560.SH,2024/07/24,10.2,10.37,9.87,9.93,10.26,-0.33,-3.2164,24458.87,24517.219
688560.SH,2024/07/25,9.89,10.58,9.81,10.18,9.93,0.25,2.5176,38621.48,39667.48
688560.SH,2024/07/26,10.23,10.38,10.11,10.19,10.18,0.01,0.0982,21627.89,22127.652
688560.SH,2024/07/29,10.19,10.19,9.83,9.91,10.19,-0.28,-2.7478,20399.83,20284.178
688560.SH,2024/07/30,9.88,10.17,9.87,10.1,9.91,0.19,1.9173,16916.62,16990.916
688560.SH,2024/07/31,10.2,10.55,9.99,10.55,10.1,0.45,4.4554,24325.48,25194.735
688560.SH,2024/08/01,10.48,10.62,10.42,10.48,10.55,-0.07,-0.6635,17757.24,18668.92
688560.SH,2024/08/02,10.49,10.58,10.27,10.37,10.48,-0.11,-1.0496,18911.73,19721.829
688560.SH,2024/08/05,10.26,10.55,9.96,9.96,10.37,-0.41,-3.9537,29545.78,30220.655
688560.SH,2024/08/06,10.28,10.32,10.05,10.24,9.96,0.28,2.8112,27089.12,27680.424
688560.SH,2024/08/07,10.23,10.25,10.01,10.12,10.24,-0.12,-1.1719,19967.98,20219.464
688560.SH,2024/08/08,10.2,10.26,9.95,10.14,10.12,0.02,0.1976,19955.02,20120.176
688560.SH,2024/08/09,10.17,10.23,10.0,10.0,10.14,-0.14,-1.3807,12515.1,12626.674
688560.SH,2024/08/12,10.2,10.2,9.91,9.97,10.0,-0.03,-0.3,14201.65,14192.64
688560.SH,2024/08/13,9.89,10.08,9.66,9.94,9.97,-0.03,-0.3009,24096.76,23721.264
688560.SH,2024/08/14,9.94,10.09,9.81,9.84,9.94,-0.1,-1.006,10832.19,10728.545
688560.SH,2024/08/15,9.81,10.02,9.69,9.87,9.84,0.03,0.3049,13306.97,13122.089
688560.SH,2024/08/16,9.92,9.94,9.74,9.78,9.87,-0.09,-0.9119,14007.83,13763.629
688560.SH,2024/08/19,9.88,9.88,9.63,9.64,9.78,-0.14,-1.4315,11444.58,11114.281
688560.SH,2024/08/20,9.67,9.72,9.42,9.51,9.64,-0.13,-1.3485,12678.19,12084.315
688560.SH,2024/08/21,9.56,9.71,9.44,9.61,9.51,0.1,1.0515,10565.68,10173.902
688560.SH,2024/08/22,9.6,9.73,9.59,9.63,9.61,0.02,0.2081,12514.45,12085.522
688560.SH,2024/08/23,9.73,9.79,9.55,9.75,9.63,0.12,1.2461,10355.48,10011.989
688560.SH,2024/08/26,9.74,10.1,9.7,9.91,9.75,0.16,1.641,17554.75,17470.022
688560.SH,2024/08/27,9.82,10.1,9.72,9.92,9.91,0.01,0.1009,20517.17,20224.679
688560.SH,2024/08/28,9.93,10.28,9.88,10.18,9.92,0.26,2.621,24605.42,24928.801
688560.SH,2024/08/29,10.21,10.56,10.1,10.39,10.18,0.21,2.0629,28681.42,29603.308
688560.SH,2024/08/30,10.37,10.82,10.37,10.67,10.39,0.28,2.6949,28320.09,30183.163
688560.SH,2024/09/02,10.68,10.81,10.31,10.4,10.67,-0.27,-2.5305,22131.6,23343.137
688560.SH,2024/09/03,10.5,10.66,10.27,10.43,10.4,0.03,0.2885,17852.06,18720.639
688560.SH,2024/09/04,10.47,10.62,10.34,10.38,10.43,-0.05,-0.4794,17318.79,18132.086
688560.SH,2024/09/05,10.54,10.7,10.38,10.54,10.38,0.16,1.5414,16595.56,17512.185
688560.SH,2024/09/06,10.54,10.54,10.22,10.32,10.54,-0.22,-2.0873,21037.95,21713.028
688560.SH,2024/09/09,10.22,10.41,10.19,10.38,10.32,0.06,0.5814,14312.84,14801.668
688560.SH,2024/09/10,10.45,10.57,10.35,10.54,10.38,0.16,1.5414,14211.95,14848.58
688560.SH,2024/09/11,10.53,10.75,10.5,10.52,10.54,-0.02,-0.1898,14974.42,15913.183
688560.SH,2024/09/12,10.52,10.88,10.43,10.46,10.52,-0.06,-0.5703,16511.33,17563.923
688560.SH,2024/09/13,10.5,10.56,10.31,10.38,10.46,-0.08,-0.7648,15044.06,15614.646
688560.SH,2024/09/18,10.35,10.48,10.24,10.4,10.38,0.02,0.1927,13129.21,13570.101
688560.SH,2024/09/19,10.58,10.78,10.35,10.56,10.4,0.16,1.5385,12948.73,13749.092
688560.SH,2024/09/20,10.55,10.72,10.41,10.45,10.56,-0.11,-1.0417,16037.64,16776.681
688560.SH,2024/09/23,10.41,10.61,10.32,10.58,10.45,0.13,1.244,12857.21,13485.985
688560.SH,2024/09/24,10.68,10.92,10.55,10.85,10.58,0.27,2.552,17485.28,18811.564
688560.SH,2024/09/25,10.95,11.15,10.81,10.83,10.85,-0.02,-0.1843,27340.55,30033.733
688560.SH,2024/09/26,10.92,11.12,10.77,11.12,10.83,0.29,2.6777,28951.02,31639.692
688560.SH,2024/09/27,11.23,11.88,11.23,11.83,11.12,0.71,6.3849,34733.29,40209.476
